,time,video_jump,response_speed,response_type,quest_threshold,quest_sd
0,8.051571000018157,0.5,-10.338345300056972,correct rejection,0.26158958126472004,0.19500863638513904
1,9.386038700002246,0.3,-11.700777900055982,missed,0.3800597103528802,0.1696980211595722
2,10.700104200048372,0.27777746888449917,-13.000540500041097,missed,0.4734608888875155,0.14829468451938746
