,time,video_jump,response_speed,response_type,quest_threshold,quest_sd
0,13.609228900000062,0.5,-21.982475000000022,correct rejection,0.26158958126472004,0.19500863638513904
1,15.376359500000035,0.5,-23.550417500000094,missed,0.3800597103528802,0.1696980211595722
2,17.128047100000003,0.5,-25.45125250000001,missed,0.4734608888875155,0.14829468451938746
3,18.812370999999985,0.5,-27.15319650000015,correct rejection,0.4491942887009245,0.14452109207296884
4,20.785012300000062,0.5,-29.038043100000095,missed,0.5238485244084928,0.13126332329816762
5,22.332589599999892,0.5,-30.9563270000001,correct rejection,0.5034956117359103,0.12727061050607358
6,23.33882709999989,0.5,-32.024306400000114,missed,0.5651612684562647,0.11962725186925084
7,23.799727900000107,0.5,-32.7090584,correct rejection,0.54735569809996,0.11553433620017234
8,24.53376359999993,0.5,-33.20734610000022,missed,0.6002778806725946,0.11149070404060721
