,event_type,time
0,blink_start,2.040462200064212
1,blink_end,2.368114700075239
2,blink_start,5.123420200077817
3,blink_end,5.452349300030619
