,time,video_jump,response_speed,response_type,quest_threshold,quest_sd
0,5.120460300007835,0.5,0.18135309987701476,missed,0.41574208257602246,0.167628114344926
