,event_type,time
0,condition_start,16.974585200077854
1,occluder_start,17.279599600005895
2,occluder_end,18.07081210007891
3,occluder_start,18.702319400035776
4,occluder_end,19.479906500084326
5,occluder_start,20.14633939997293
6,occluder_end,21.120184700004756
7,occluder_start,21.830510500003584
8,occluder_end,22.533737700083293
