,time,video_jump,response_speed,response_type,quest_threshold,quest_sd
0,97.5191438999027,0.6291893877913981,-101.44356399984099,missed,0.708554032242653,0.09659335900412334
1,99.19601049995981,0.6667011809338019,-103.0880024000071,missed,0.7488865098257185,0.09701189931720534
2,100.70521600008942,0.7067270472998021,-104.73745649983175,correct rejection,0.735918894836681,0.09354485165563248
3,102.48076829989441,0.7481181594157404,-106.31761009991169,missed,0.772565054683712,0.09357650411399665
4,103.95013869996183,0.7345307805565684,-107.89447589986958,missed,0.8099810075763931,0.09323831913662835
5,105.71542080002837,0.771651914347881,-109.71619339985773,correct rejection,0.7978218065695224,0.09018723928038402
6,107.13211719994433,0.8096442678949216,-111.229634599993,missed,0.8337893243314554,0.0900818696264229
7,108.53648680006154,0.7969640820180353,-112.47843569982797,correct rejection,0.8223022729995821,0.08727706698198068
8,110.13318159990013,0.8333125616858821,-114.12490989989601,missed,0.8554380857231034,0.08722566219397494
