,time,video_jump,response_speed,response_type,quest_threshold,quest_sd
0,51.01887069999998,0.5,-59.53634280000006,missed,0.6504125280509927,0.10867477964837513
1,52.843673699999954,0.5,-60.86798080000017,correct rejection,0.6348516431229911,0.1048887018004633
2,54.27004820000002,0.5,-62.87126340000009,correct rejection,0.6201937120929308,0.10129027845787775
3,55.32906000000003,0.5,-64.00329880000004,correct rejection,0.6064572712547635,0.09771285576258235
4,56.87958350000008,0.5,-65.27008140000021,missed,0.6472409907034816,0.09728662159094291
5,58.61772040000005,0.5,-67.00079160000018,missed,0.6879397351574325,0.0975155429032772
