,event_type,time
0,condition_start,46.802231899999924
1,occluder_start,46.80279309999992
2,occluder_end,47.82029519999992
